AccountId,
2000633512,
2000633513,
2000633514,
2000633515,
2000633516,
2000633517,
2000633518,
2000633519,
2000633520,
2000633521,
2000633522,
2000633523,
2000633524,
2000633525,
2000633526,
2000633527,
2000633528,
2000633529,
2000633530,
2000633531,
2000633532,
2000633533,
2000633534,
2000633535,
2000633536,
2000633537,
2000633538,
2000633539,
2000633540,
2000633541,
2000633542,
2000633543,
2000633544,
2000633545,
2000633546,
2000633547,
2000633548,
2000633549,
2000633550,
2000633551,
2000633552,
2000633553,
2000633554,
2000633555,
2000633556,
2000633557,
2000633558,
2000633559,
2000633560,
2000633561,
2000633563,
2000633564,
2000633565,
2000633566,
2000633567,
2000633568,
2000633569,
2000633570,
2000633571,
2000633572,
2000633573,
2000633574,
2000633575,
2000633576,
2000633577,
2000633578,
2000633579,
2000633580,
2000633581,
2000633582,
2000633583,
2000633584,
2000633585,
2000633586,
2000633587,
2000633588,
2000633589,
2000633590,
2000633591,
2000633592,
2000633593,
2000633594,
2000633595,
2000633596,
2000633597,
2000633598,
2000633599,
2000633600,
2000633601,
2000633602,
2000633603,
2000633604,
2000633605,
2000633606,
2000633607,
2000633608,
2000633609,
2000633610,
2000633611,
2000633612,
2000633614,
2000633615,
2000633616,
2000633617,
2000633618,
2000633619,
2000633620,
2000633621,
2000633622,
2000633623,
2000633624,
2000633625,
2000633626,
2000633627,
2000633628,
2000633629,
2000633630,
2000633631,
2000633632,
2000633633,
2000633634,
2000633635,
2000633636,
2000633637,
2000633638,
2000633639,
2000633640,
2000633641,
2000633642,
2000633643,
2000633644,
2000633645,
2000633646,
2000633647,
2000633648,
2000633649,
2000633650,
2000633651,
2000633652,
2000633653,
2000633654,
2000633655,
2000633656,
2000633657,
2000633658,
2000633659,
2000633660,
2000633661,
2000633662,
2000633663,
2000633664,
2000633665,
2000633666,
2000633667,
2000633668,
2000633669,
2000633670,
2000633671,
2000633672,
2000633673,
2000633674,
2000633675,
2000633676,
2000633677,
2000633678,
2000633721,
2000633722,
2000633723,
2000633724,
2000633725,
2000633726,
2000633727,
2000633728,
2000633729,
2000633730,
2000633731,
2000633732,
2000633733,
2000633734,
2000633735,
2000633736,
2000633737,
2000633738,
2000633739,
2000633740,
2000633741,
2000633742,
2000633743,
2000633744,
2000633745,
2000633746,
2000633747,
2000633748,
2000633749,
2000633750,
2000633751,
2000633752,
2000633753,
2000633754,
2000633755,
2000633756,
2000633757,
2000633758,
2000633759,
2000633760,
2000633761,
2000633762,
2000633763,
2000633764,
2000633765,
2000633766,
2000633767,
2000633768,
2000633769,
2000633770,
2000633679,
2000633680,
2000633681,
2000633682,
2000633683,
2000633684,
2000633685,
2000633686,
2000633687,
2000633688,
2000633689,
2000633690,
2000633691,
2000633692,
2000633693,
2000633694,
2000633695,
2000633696,
2000633697,
2000633698,
2000633290,
2000633291,
2000633292,
2000633293,
2000633294,
2000633295,
2000633296,
2000633297,
2000633298,
2000633299,
2000633300,
2000633301,
2000633302,
2000633303,
2000633304,
2000633305,
2000633306,
2000633307,
2000633308,
2000633309,
2000633699,
2000633700,
2000633701,
2000633702,
2000633703,
2000633704,
2000633705,
2000633706,
2000633707,
2000633708,
2000633709,
2000633710,
2000633711,
2000633712,
2000633713,
2000633714,
2000633715,
2000633716,
2000633717,
2000633718,
2000633310,
2000633311,
2000633312,
2000633313,
2000633314,
2000633315,
2000633316,
2000633317,
2000633318,
2000633319,
2000633320,
2000633321,
2000633322,
2000633323,
2000633324,
2000633325,
2000633326,
2000633327,
2000633328,
2000633329,
2000633899,
2000633900,
2000633901,
2000633902,
2000633903,
2000633904,
2000633905,
2000633906,
2000633907,
2000633908,
2000633909,
2000633910,
2000633911,
2000633912,
2000633913,
2000633914,
2000633915,
2000633916,
2000633917,
2000633918,
2000633330,
2000633331,
2000633332,
2000633333,
2000633334,
2000633335,
2000633336,
2000633337,
2000633338,
2000633339,
2000633340,
2000633341,
2000633342,
2000633343,
2000633344,
2000633345,
2000633346,
2000633347,
2000633348,
2000633349,
2000633919,
2000633920,
2000633921,
2000633922,
2000633923,
2000633924,
2000633925,
2000633926,
2000633927,
2000633928,
2000633929,
2000633930,
2000633931,
2000633932,
2000633933,
2000633934,
2000633935,
2000633936,
2000633937,
2000633938,
2000633350,
2000633351,
2000633352,
2000633353,
2000633354,
2000633355,
2000633356,
2000633357,
2000633358,
2000633359,
2000633360,
2000633361,
2000633362,
2000633363,
2000633364,
2000633365,
2000633366,
2000633367,
2000633368,
2000633369,
2000633771,
2000633772,
2000633773,
2000633774,
2000633775,
2000633776,
2000633777,
2000633778,
2000633779,
2000633780,
2000633781,
2000633782,
2000633783,
2000633784,
2000633785,
2000633786,
2000633787,
2000633788,
2000633789,
2000633790,
2000633370,
2000633371,
2000633372,
2000633373,
2000633374,
2000633375,
2000633376,
2000633377,
2000633378,
2000633379,
2000633380,
2000633381,
2000633382,
2000633383,
2000633384,
2000633385,
2000633386,
2000633387,
2000633388,
2000633389,
2000633939,
2000633940,
2000633941,
2000633942,
2000633943,
2000633944,
2000633945,
2000633946,
2000633947,
2000633948,
2000633949,
2000633950,
2000633951,
2000633952,
2000633953,
2000633954,
2000633955,
2000633956,
2000633957,
2000633958,
2000633959,
2000633960,
2000633961,
2000633962,
2000633963,
2000633964,
2000633965,
2000633966,
2000633967,
2000633968,
2000633969,
2000633970,
2000633971,
2000633972,
2000633973,
2000633974,
2000633975,
2000633976,
2000633977,
2000633978,
2000633979,
2000633980,
2000633981,
2000633982,
2000633983,
2000633984,
2000633985,
2000633986,
2000633987,
2000633988,
2000576051,
2000576056,
2000576036,
2000576052,
2000576058,
2000576029,
2000576035,
2000576050,
2000576031,
2000576032,
2000576055,
2000576048,
2000576407,
2000576057,
2000576033,
2000576049,
2000576034,
2000576053,
2000576054,
2000576047,
1001146422,
1001190421,
1001198788,
1001220721,
1001267106,
1001280853,
1001281657,
1001285401,
1001315339,
1001317654,
1001342245,
1001351623,
1001377600,
1001391221,
1001408073,
1001446173,
1001488739,
1001502527,
1001507782,
1001546076,
2000633791,
2000633792,
2000633793,
2000633794,
2000633795,
2000633796,
2000633797,
2000633798,
2000633799,
2000633800,
2000633801,
2000633802,
2000633803,
2000633804,
2000633805,
2000633806,
2000633807,
2000633808,
2000633809,
2000633810,
2000633811,
2000633812,
2000633813,
2000633814,
2000633815,
2000633816,
2000633817,
2000633818,
2000633819,
2000633820,
2000633821,
2000633822,
2000633823,
2000633824,
2000633825,
2000633826,
2000633827,
2000633828,
2000633829,
2000633830,
2000633831,
2000633832,
2000633833,
2000633834,
2000633835,
2000633836,
2000633837,
2000633838,
2000633839,
2000633840,
1000980715,
1000928032,
1000926937,
1000896367,
1000892535,
1000889077,
1000865226,
1000797027,
1000780665,
1000772476,
1000750273,
1000744143,
1000728061,
1000715345,
1000701824,
1000684674,
1000577794,
1000533906,
1000496566,
1000495245,
1000480446,
1000424763,
1000416412,
1000403159,
1000387944,
1000378333,
1000369404,
1000369322,
1000351665,
1000351659,
1000346961,
1000346054,
1000345143,
1000340618,
1000335206,
1000314380,
1000287529,
1000278668,
1000249136,
1000202087,
1000196262,
1000187154,
1000176974,
1000140252,
1000122679,
1000114828,
1000095870,
1000061461,
1000031342,
1000003304,
2000634767,
2000634766,
2000634765,
2000634764,
2000634763,
2000634762,
2000634761,
2000634760,
2000634759,
2000634758,
2000634757,
2000634756,
2000634755,
2000634754,
2000634753,
2000634752,
2000634751,
2000634750,
2000634749,
2000141028,
2000576073,
2000576080,
2000576090,
2000576075,
2000576072,
2000576088,
2000576069,
2000576076,
2000576096,
2000576092,
2000576087,
2000576089,
2000576091,
2000576079,
2000576093,
2000576078,
2000576095,
2000576070,
2000576077,
2000576094,
2000635047,
2000635048,
2000635049,
2000635050,
2000635051,
2000635052,
2000635053,
2000635054,
2000635055,
2000635056,
2000635057,
2000635058,
2000635059,
2000635060,
2000635061,
2000635062,
2000635063,
2000635064,
2000635065,
2000635066,
2000576538,
2000576528,
2000576527,
2000576526,
2000576525,
2000576523,
2000576522,
2000576521,
2000576520,
2000576470,
2000576459,
2000576148,
2000576147,
2000576146,
2000576144,
2000576143,
2000576141,
2000576140,
2000576139,
2000576138,
2000500544,
2000500550,
2000500560,
2000500474,
2000500486,
2000500476,
2000500255,
2000500540,
2000500275,
2000500462,
2000635068,
2000635069,
2000635070,
2000635071,
2000635072,
2000635073,
2000635074,
2000635075,
2000635076,
2000635077,
2000635748,
2000635749,
2000635750,
2000635751,
2000635752,
2000635753,
2000635754,
2000635755,
2000635756,
2000635757,
2000634332,
2000634333,
2000634334,
2000634335,
2000634336,
2000634337,
2000634338,
2000634339,
2000634340,
2000634341,
2000634342,
2000634343,
2000634344,
2000634345,
2000634346,
2000635239,
2000635240,
2000635241,
2000635242,
2000635243,
2000635244,
2000635245,
2000635246,
2000635247,
2000635248,
2000635249,
2000635250,
2000635251,
2000635252,
2000635253,
2000635254,
2000635255,
2000635256,
2000635257,
2000635258,
2000635259,
2000635260,
2000635261,
2000635262,
2000635263,
2000635264,
2000635265,
2000635266,
2000635267,
2000635268,
2000635269,
2000635270,
2000635271,
2000635272,
2000635273,
2000635274,
2000635275,
2000635276,
2000635277,
2000635278,
2000635279,
2000635280,
2000635281,
2000635282,
2000635283,
2000635284,
2000635285,
2000635286,
2000635287,
2000635288,
2000635289,
2000635290,
2000635291,
2000635292,
2000635293,
2000635294,
2000635295,
2000635296,
2000635297,
2000635298,
2000635299,
2000635300,
2000635301,
2000635302,
2000635303,
2000635304,
2000635305,
2000635306,
2000635307,
2000635308,
2000635309,
2000635310,
2000635311,
2000635312,
2000635313,
2000635314,
2000635315,
2000635316,
2000635317,
2000635318,
2000635319,
2000635320,
2000635321,
2000635322,
2000635323,
2000634352,
2000634353,
2000634354,
2000634355,
2000634356,
2000634357,
2000634358,
2000634359,
2000634360,
2000634361,
2000634362,
2000634363,
2000634364,
2000634365,
2000634366,
2000635335,
2000635336,
2000635337,
2000635338,
2000635339,
2000635340,
2000635341,
2000635342,
2000635343,
2000635344,
2000635345,
2000635346,
2000635347,
2000635348,
2000635349,
2000635350,
2000635351,
2000635352,
2000635353,
2000635354,
2000635355,
2000635356,
2000635357,
2000635358,
2000635359,
2000635360,
2000635361,
2000635362,
2000635363,
2000635364,
2000635365,
2000635366,
2000635367,
2000635368,
2000635369,
2000634473,
2000634474,
2000634475,
2000634476,
2000634477,
2000634478,
2000634479,
2000634480,
2000634481,
2000634482,
2000634483,
2000634484,
2000634485,
2000634486,
2000634487,
2000635371,
2000635372,
2000635373,
2000635374,
2000635375,
2000635376,
2000635377,
2000635378,
2000635379,
2000635380,
2000635381,
2000635382,
2000635383,
2000635384,
2000635385,
2000635387,
2000635388,
2000635389,
2000635390,
2000635391,
2000635392,
2000635393,
2000635394,
2000635395,
2000635396,
2000635397,
2000635398,
2000635399,
2000635400,
2000635401,
2000635402,
2000635403,
2000635404,
2000635405,
2000635406,
2000634372,
2000634373,
2000634374,
2000634375,
2000634376,
2000634377,
2000634378,
2000634379,
2000634380,
2000634381,
2000634382,
2000634383,
2000634384,
2000634385,
2000634386,
2000635427,
2000635428,
2000635429,
2000635430,
2000635431,
2000635432,
2000635433,
2000635434,
2000635435,
2000635436,
2000635437,
2000635438,
2000635439,
2000635440,
2000635441,
2000635442,
2000635443,
2000635444,
2000635445,
2000635446,
2000635447,
2000635448,
2000635449,
2000635450,
2000635451,
2000635452,
2000635453,
2000635454,
2000635455,
2000635456,
2000635457,
2000635458,
2000635459,
2000635460,
2000635461,
2000634392,
2000634393,
2000634394,
2000634395,
2000634396,
2000634397,
2000634398,
2000634399,
2000634400,
2000634401,
2000634402,
2000634403,
2000634404,
2000634405,
2000634406,
2000635462,
2000635463,
2000635464,
2000635465,
2000635466,
2000635467,
2000635468,
2000635469,
2000635470,
2000635471,
2000635472,
2000635473,
2000635474,
2000635475,
2000635476,
2000635477,
2000635478,
2000635479,
2000635480,
2000635481,
2000635482,
2000635483,
2000635484,
2000635485,
2000635486,
2000635487,
2000635488,
2000635489,
2000635490,
2000635491,
2000635492,
2000635493,
2000635494,
2000635495,
2000635496,
2000634412,
2000634413,
2000634414,
2000634415,
2000634416,
2000634417,
2000634418,
2000634419,
2000634420,
2000634421,
2000634422,
2000634423,
2000634424,
2000634425,
2000634426,
2000635497,
2000635498,
2000635499,
2000635500,
2000635501,
2000635502,
2000635503,
2000635504,
2000635505,
2000635506,
2000635507,
2000635508,
2000635509,
2000635510,
2000635511,
2000635512,
2000635513,
2000635514,
2000635515,
2000635516,
2000635517,
2000635518,
2000635519,
2000635520,
2000635521,
2000635522,
2000635523,
2000635524,
2000635525,
2000635526,
2000635527,
2000635528,
2000635529,
2000635530,
2000635531,
2000634432,
2000634433,
2000634434,
2000634435,
2000634436,
2000634437,
2000634438,
2000634439,
2000634440,
2000634441,
2000634442,
2000634443,
2000634444,
2000634445,
2000634446,
2000635532,
2000635533,
2000635534,
2000635535,
2000635536,
2000635537,
2000635538,
2000635539,
2000635540,
2000635541,
2000635542,
2000635543,
2000635544,
2000635545,
2000635546,
2000635547,
2000635548,
2000635549,
2000635550,
2000635551,
2000635552,
2000635553,
2000635554,
2000635555,
2000635556,
2000635557,
2000635558,
2000635559,
2000635560,
2000635561,
2000635562,
2000635563,
2000635564,
2000635565,
2000635566,
2000634502,
2000634503,
2000634504,
2000634505,
2000634506,
2000634507,
2000634508,
2000634509,
2000634510,
2000634511,
2000634512,
2000634513,
2000634514,
2000634515,
2000634516,
2000635590,
2000635591,
2000635592,
2000635593,
2000635594,
2000635595,
2000635596,
2000635597,
2000635598,
2000635599,
2000635600,
2000635601,
2000635602,
2000635603,
2000635604,
2000635605,
2000635606,
2000635607,
2000635608,
2000635609,
2000635610,
2000635611,
2000635612,
2000635613,
2000635614,
2000635615,
2000635616,
2000635617,
2000635618,
2000635619,
2000635620,
2000635621,
2000635622,
2000635623,
2000635624,
2000634185,
2000634186,
2000634187,
2000634188,
2000634189,
2000634190,
2000634191,
2000634192,
2000634193,
2000634194,
2000634195,
2000634196,
2000634197,
2000634198,
2000634199,
2000634200,
2000634201,
2000634202,
2000634203,
2000634204,
2000634205,
2000634206,
2000634207,
2000634208,
2000634209,
2000634210,
2000634211,
2000634212,
2000634213,
2000634214,
2000634215,
2000634216,
2000634217,
2000634218,
2000634219,
2000634220,
2000634221,
2000634222,
2000634223,
2000634224,
2000634225,
2000634226,
2000634227,
2000634228,
2000634229,
2000634230,
2000634231,
2000634232,
2000634233,
2000634234,
2000634236,
2000634237,
2000634238,
2000634239,
2000634240,
2000634241,
2000634242,
2000634243,
2000634244,
2000634245,
2000634246,
2000634247,
2000634248,
2000634249,
2000634250,
2000634251,
2000634252,
2000634253,
2000634254,
2000634255,
2000634256,
2000634257,
2000634258,
2000634259,
2000634260,
2000634261,
2000634262,
2000634263,
2000634264,
2000634265,
2000634266,
2000634267,
2000634268,
2000634269,
2000634270,
2000634271,
2000634272,
2000634273,
2000634274,
2000634275,
2000634276,
2000634277,
2000634278,
2000634279,
2000634280,
2000634281,
2000634282,
2000634283,
2000634284,
2000634285,
2000633843,
2000633844,
2000633845,
2000633846,
2000633847,
2000633848,
2000633849,
2000633850,
2000633851,
2000633852,
2000633853,
2000633854,
2000633855,
2000633856,
2000633857,
2000633858,
2000633859,
2000633860,
2000633861,
2000633862,
2000633863,
2000633864,
2000633865,
2000633866,
2000633867,
2000633868,
2000633869,
2000633870,
2000633871,
2000633872,
2000633873,
2000633874,
2000633875,
2000633876,
2000633877,
2000633878,
2000633879,
2000633880,
2000633881,
2000633882,
2000633885,
2000633886,
2000633887,
2000633888,
2000633889,
2000633890,
2000633891,
2000633892,
2000633893,
2000633894,
2000635092,
2000635093,
2000635094,
2000635095,
2000635096,
2000635097,
2000635098,
2000635099,
2000635100,
2000635101,
2000635102,
2000635103,
2000635104,
2000635105,
2000635106,
2000635107,
2000635108,
2000635109,
2000635110,
2000635111,
2000635112,
2000635113,
2000635114,
2000635115,
2000635116,
2000635117,
2000635118,
2000635119,
2000635120,
2000635121,
2000635122,
2000635123,
2000635124,
2000635125,
2000635126,
2000635127,
2000635128,
2000635129,
2000635130,
2000635131,
2000635132,
2000635133,
2000635134,
2000635135,
2000635136,
2000635137,
2000635138,
2000635139,
2000635140,
2000635141,
2000635625,
2000635626,
2000635627,
2000635628,
2000635629,
2000635630,
2000635631,
2000635632,
2000635633,
2000635634,
2000635635,
2000635636,
2000635637,
2000635638,
2000635639,
2000635640,
2000635641,
2000635642,
2000635643,
2000635644,
2000635645,
2000635646,
2000635647,
2000635648,
2000635649,
2000635650,
2000635651,
2000635652,
2000635653,
2000635654,
2000635655,
2000635656,
2000635657,
2000635658,
2000635659,
2000635660,
2000635661,
2000635662,
2000635663,
2000635664,
2000635665,
2000635666,
2000635667,
2000635668,
2000635669,
2000635670,
2000635671,
2000635672,
2000635673,
2000635674,
2000634782,
2000634781,
2000634780,
2000634779,
2000634778,
2000634777,
2000634776,
2000634775,
2000634774,
2000634773,
2000634772,
2000634771,
2000634770,
2000634769,
2000634768,
2000635726,
2000635727,
2000635728,
2000635729,
2000635730,
2000635731,
2000635732,
2000635733,
2000635734,
2000635735,
2000635736,
2000635737,
2000635738,
2000635739,
2000635740,
2000635741,
2000635742,
2000635743,
2000635744,
2000635745